title,company,location,link
Backend Developer @ lobstr.io Python Scraping Celery,lobstr.io,ğŸŒ Worldwide,https://remoteok.com/remote-jobs/remote-backend-developer-lobstr-io-python-scraping-celery-lobstr-io-1093607
Senior AI Python Developer,Koombea,ğŸŒ Probably worldwide,https://remoteok.com/remote-jobs/remote-senior-ai-python-developer-koombea-1093660
Lead Data Engineer,Open Architects,ğŸ‡ºğŸ‡¸ United States,https://remoteok.com/remote-jobs/remote-lead-data-engineer-open-architects-1093295
Lead Software Engineer II Backend,Best Egg,ğŸŒ Worldwide,https://remoteok.com/remote-jobs/remote-lead-software-engineer-ii-backend-best-egg-1093524
Senior Python Backend Engineer,Orga AI,ğŸŒ Worldwide,https://remoteok.com/remote-jobs/remote-senior-python-backend-engineer-orga-ai-1093458
Data Engineer II,TrueML,ğŸŒ Probably worldwide,https://remoteok.com/remote-jobs/remote-data-engineer-ii-trueml-1093479
Senior Scientific Software Engineer Magnet Protection Systems,Commonwealth Fusion Systems,"Devens, MA",https://remoteok.com/remote-jobs/remote-senior-scientific-software-engineer-magnet-protection-systems-commonwealth-fusion-systems-1093472
Senior Site Reliability Engineer ML Platforms,2100 NVIDIA USA,ğŸ‡ºğŸ‡¸ United States,https://remoteok.com/remote-jobs/remote-senior-site-reliability-engineer-ml-platforms-2100-nvidia-usa-1093465
Site Reliability Engineer,Tinybird,ğŸŒ Probably worldwide,https://remoteok.com/remote-jobs/remote-site-reliability-engineer-tinybird-1093416
Senior AI Engineer Python & LLM Engineer,Lemon.io,ğŸ‡¦ğŸ‡± Albania,https://remoteok.com/remote-jobs/remote-senior-ai-engineer-python-llm-engineer-lemon-io-1093400
Senior Systems Engineer Autonomous Vehicle Infrastructure,2100 NVIDIA USA,ğŸ‡ºğŸ‡¸ United States,https://remoteok.com/remote-jobs/remote-senior-systems-engineer-autonomous-vehicle-infrastructure-2100-nvidia-usa-1093327
Data Analyst Canada Wide,Newton,ğŸ‡¨ğŸ‡¦ Canada,https://remoteok.com/remote-jobs/remote-data-analyst-canada-wide-newton-1093292
Data Analyst,Foodsmart,ğŸ‡ºğŸ‡¸ United States,https://remoteok.com/remote-jobs/remote-data-analyst-foodsmart-1093207
Testing Engineer,Trial Library,"San Francisco, CA",https://remoteok.com/remote-jobs/remote-testing-engineer-trial-library-1093169
Werkstudent im Bereich SAP & Cloud Automation,Public Cloud Group,Alle,https://remoteok.com/remote-jobs/remote-werkstudent-im-bereich-sap-amp-cloud-automation-public-cloud-group-1093160
Senior Data Analytics Engineer,Fullscript,ğŸŒ Probably worldwide,https://remoteok.com/remote-jobs/remote-senior-data-analytics-engineer-fullscript-1093152
Senior Software Engineer,Nava,ğŸŒ Worldwide,https://remoteok.com/remote-jobs/remote-senior-software-engineer-nava-1093123
Backend Software Engineer,Firework,ğŸ‡¨ğŸ‡¦ Canada,https://remoteok.com/remote-jobs/remote-backend-software-engineer-firework-1093113
Workflow Engineer,Serotonin,ğŸŒ Probably worldwide,https://remoteok.com/remote-jobs/remote-workflow-engineer-serotonin-1093086
Software Engineer Data,Gauntlet,ğŸŒ Worldwide,https://remoteok.com/remote-jobs/remote-software-engineer-data-gauntlet-1093031
